{"stats":{"minecraft:crafted":{"minecraft:oak_planks":32,"minecraft:stone_shovel":10,"minecraft:fishing_rod":1,"minecraft:cooked_chicken":3,"minecraft:stone":28,"minecraft:cooked_mutton":5,"minecraft:stone_pickaxe":5,"minecraft:chest":2,"minecraft:oak_fence":6,"minecraft:wheat":72,"minecraft:cooked_beef":10,"minecraft:cooked_cod":4,"minecraft:wooden_shovel":1,"minecraft:cooked_porkchop":11,"minecraft:cooked_salmon":6,"minecraft:stone_axe":2,"minecraft:bread":28,"minecraft:air":0,"minecraft:stick":32,"minecraft:iron_ingot":2,"minecraft:stone_sword":2,"minecraft:white_bed":1,"minecraft:torch":20},"minecraft:killed":{"minecraft:spider":2,"minecraft:skeleton":2,"minecraft:chicken":3,"minecraft:drowned":8,"minecraft:tropical_fish":2,"minecraft:husk":11,"minecraft:pig":5,"minecraft:salmon":14,"minecraft:wandering_trader":1,"minecraft:creeper":2,"minecraft:sheep":3,"minecraft:pillager":8,"minecraft:cow":4},"minecraft:custom":{"minecraft:mob_kills":67,"minecraft:interact_with_crafting_table":45,"minecraft:leave_game":2,"minecraft:time_since_death":104438,"minecraft:sprint_one_cm":464854,"minecraft:walk_one_cm":721715,"minecraft:damage_blocked_by_shield":2200,"minecraft:drop":57,"minecraft:talked_to_villager":2,"minecraft:play_time":284554,"minecraft:sneak_time":6716,"minecraft:deaths":10,"minecraft:walk_under_water_one_cm":63048,"minecraft:boat_one_cm":134652,"minecraft:jump":2659,"minecraft:walk_on_water_one_cm":44017,"minecraft:total_world_time":284554,"minecraft:interact_with_furnace":102,"minecraft:interact_with_cartography_table":1,"minecraft:interact_with_stonecutter":7,"minecraft:sleep_in_bed":11,"minecraft:time_since_rest":12878,"minecraft:damage_taken":3739,"minecraft:damage_dealt":8690,"minecraft:swim_one_cm":169919,"minecraft:fly_one_cm":420025,"minecraft:open_chest":72,"minecraft:crouch_one_cm":15640,"minecraft:fish_caught":24,"minecraft:fall_one_cm":53278},"minecraft:broken":{"minecraft:wooden_shovel":1,"minecraft:stone_sword":1,"minecraft:wooden_pickaxe":1,"minecraft:stone_pickaxe":3,"minecraft:stone_axe":1,"minecraft:wooden_axe":3,"minecraft:stone_shovel":8},"minecraft:mined":{"minecraft:oak_sapling":4,"minecraft:dark_oak_log":18,"minecraft:potted_cactus":3,"minecraft:potted_dead_bush":2,"minecraft:dark_oak_fence":56,"minecraft:grass_block":744,"minecraft:sandstone":1,"minecraft:hay_block":12,"minecraft:furnace":2,"minecraft:iron_ore":10,"minecraft:pumpkin":4,"minecraft:dark_oak_stairs":3,"minecraft:bookshelf":9,"minecraft:dirt_path":1,"minecraft:stone":536,"minecraft:white_wool":24,"minecraft:green_bed":2,"minecraft:tripwire":2,"minecraft:dandelion":2,"minecraft:oak_fence":1,"minecraft:crafting_table":2,"minecraft:dead_bush":5,"minecraft:copper_ore":1,"minecraft:tall_grass":6,"minecraft:cobblestone":4,"minecraft:oak_planks":7,"minecraft:wall_torch":1,"minecraft:cactus":1,"minecraft:dark_oak_slab":2,"minecraft:wheat":5,"minecraft:grass":111,"minecraft:oak_log":51,"minecraft:coal_ore":127,"minecraft:gravel":4,"minecraft:sand":108,"minecraft:dirt":429,"minecraft:stonecutter":1,"minecraft:oak_leaves":333},"minecraft:used":{"minecraft:oak_fence":6,"minecraft:stone_sword":128,"minecraft:dead_bush":2,"minecraft:stone_shovel":1055,"minecraft:chest":2,"minecraft:stone":1,"minecraft:shield":65,"minecraft:wooden_shovel":64,"minecraft:cooked_salmon":3,"minecraft:rotten_flesh":4,"minecraft:torch":7,"minecraft:dirt":231,"minecraft:wooden_axe":106,"minecraft:stone_bricks":22,"minecraft:golden_sword":11,"minecraft:hay_block":1,"minecraft:oak_sapling":24,"minecraft:furnace":2,"minecraft:stone_pickaxe":662,"minecraft:oak_planks":4,"minecraft:wooden_pickaxe":46,"minecraft:sandstone":4,"minecraft:stonecutter":1,"minecraft:green_bed":3,"minecraft:salmon":6,"minecraft:sand":85,"minecraft:lime_bed":1,"minecraft:crafting_table":2,"minecraft:crossbow":3,"minecraft:white_bed":1,"minecraft:cod":2,"minecraft:apple":3,"minecraft:bread":22,"minecraft:string":2,"minecraft:gravel":8,"minecraft:stone_axe":180,"minecraft:fishing_rod":79,"minecraft:cobblestone":5},"minecraft:killed_by":{"minecraft:creeper":2,"minecraft:pillager":2,"minecraft:skeleton":2,"the_one_who_watches:toww_running":1,"minecraft:witch":1},"minecraft:dropped":{"minecraft:golden_boots":1,"minecraft:oak_log":36,"minecraft:crafting_table":1,"minecraft:crossbow":1,"minecraft:cobblestone":188,"minecraft:cod":3,"minecraft:stick":13,"minecraft:dirt":40,"minecraft:wooden_axe":1,"minecraft:brown_wool":1,"minecraft:cooked_cod":5,"minecraft:cut_sandstone":2,"minecraft:cooked_salmon":3,"minecraft:fire_charge":1,"minecraft:golden_hoe":1,"minecraft:string":18,"minecraft:iron_nugget":11,"minecraft:stone_shovel":3,"minecraft:rotten_flesh":14,"minecraft:stone":6,"minecraft:golden_sword":1,"minecraft:stone_pickaxe":3,"minecraft:arrow":3},"minecraft:picked_up":{"minecraft:wooden_axe":8,"minecraft:fishing_rod":5,"minecraft:crafting_table":3,"minecraft:iron_chestplate":7,"minecraft:wheat":7,"minecraft:azure_bluet":1,"minecraft:chicken":3,"minecraft:flower_pot":5,"minecraft:lead":2,"minecraft:wooden_pickaxe":7,"minecraft:shield":8,"minecraft:golden_sword":1,"minecraft:cornflower":1,"minecraft:string":41,"minecraft:raw_copper":2,"minecraft:pufferfish":9,"minecraft:beef":10,"minecraft:iron_nugget":15,"minecraft:poppy":2,"minecraft:furnace":2,"minecraft:egg":1,"minecraft:stick":54,"minecraft:raw_iron":10,"minecraft:sandstone":5,"minecraft:copper_ingot":1,"minecraft:oak_fence":1,"minecraft:torch":50,"minecraft:green_bed":3,"minecraft:fire_charge":1,"minecraft:porkchop":12,"minecraft:rotten_flesh":33,"minecraft:stone_sword":7,"minecraft:arrow":33,"minecraft:cactus":4,"minecraft:stone_shovel":2,"minecraft:cooked_cod":3,"minecraft:tropical_fish":6,"minecraft:golden_hoe":1,"minecraft:hay_block":11,"minecraft:saddle":1,"minecraft:mutton":15,"minecraft:cod":33,"minecraft:white_wool":42,"minecraft:cobblestone":696,"minecraft:oxeye_daisy":2,"minecraft:lime_bed":1,"minecraft:salmon":19,"minecraft:brown_wool":1,"minecraft:cut_sandstone":2,"minecraft:leather":6,"minecraft:oak_log":93,"minecraft:lily_pad":1,"minecraft:golden_boots":8,"minecraft:gunpowder":2,"minecraft:dirt":1266,"minecraft:white_banner":2,"minecraft:name_tag":2,"minecraft:bone":25,"minecraft:apple":7,"minecraft:stone_bricks":1,"minecraft:stonecutter":1,"minecraft:wheat_seeds":43,"minecraft:stone_pickaxe":2,"minecraft:oak_planks":41,"minecraft:dark_oak_stairs":4,"minecraft:book":27,"minecraft:dark_oak_slab":4,"minecraft:cooked_porkchop":3,"minecraft:pumpkin":4,"minecraft:dandelion":11,"minecraft:gravel":8,"minecraft:sand":310,"minecraft:dead_bush":2,"minecraft:dark_oak_log":36,"minecraft:spider_eye":2,"minecraft:stone_axe":5,"minecraft:crossbow":3,"minecraft:bread":41,"minecraft:oak_sapling":56,"minecraft:dark_oak_fence":107,"minecraft:coal":169}},"DataVersion":3120}