{"stats":{"minecraft:killed_by":{"minecraft:creeper":3,"minecraft:pillager":2,"minecraft:skeleton":2,"the_one_who_watches:toww_running":1,"minecraft:witch":1},"minecraft:picked_up":{"minecraft:wooden_axe":8,"minecraft:fishing_rod":5,"minecraft:crafting_table":4,"minecraft:iron_chestplate":8,"minecraft:wheat":7,"minecraft:azure_bluet":1,"minecraft:chicken":3,"minecraft:flower_pot":5,"minecraft:lead":2,"minecraft:wooden_pickaxe":7,"minecraft:shield":9,"minecraft:golden_sword":1,"minecraft:cornflower":2,"minecraft:string":41,"minecraft:raw_copper":4,"minecraft:pufferfish":9,"minecraft:beef":10,"minecraft:iron_nugget":15,"minecraft:poppy":3,"minecraft:furnace":3,"minecraft:egg":5,"minecraft:stick":58,"minecraft:raw_iron":10,"minecraft:sandstone":6,"minecraft:copper_ingot":1,"minecraft:oak_fence":5,"minecraft:torch":60,"minecraft:green_bed":5,"minecraft:fire_charge":1,"minecraft:porkchop":12,"minecraft:rotten_flesh":35,"minecraft:stone_sword":8,"minecraft:arrow":41,"minecraft:cactus":4,"minecraft:stone_shovel":3,"minecraft:cooked_cod":3,"minecraft:tropical_fish":6,"minecraft:golden_hoe":1,"minecraft:hay_block":11,"minecraft:saddle":1,"minecraft:mutton":15,"minecraft:cod":33,"minecraft:white_wool":42,"minecraft:cobblestone":989,"minecraft:oxeye_daisy":4,"minecraft:lime_bed":1,"minecraft:salmon":19,"minecraft:brown_wool":1,"minecraft:cut_sandstone":2,"minecraft:leather":6,"minecraft:oak_log":93,"minecraft:lily_pad":1,"minecraft:golden_boots":9,"minecraft:gunpowder":3,"minecraft:dirt":1597,"minecraft:white_banner":2,"minecraft:name_tag":2,"minecraft:bone":27,"minecraft:apple":9,"minecraft:stone_bricks":1,"minecraft:stonecutter":1,"minecraft:wheat_seeds":60,"minecraft:stone_pickaxe":2,"minecraft:oak_planks":44,"minecraft:dark_oak_stairs":4,"minecraft:book":27,"minecraft:dark_oak_slab":4,"minecraft:cooked_porkchop":3,"minecraft:pumpkin":4,"minecraft:dandelion":19,"minecraft:gravel":8,"minecraft:sand":317,"minecraft:dead_bush":2,"minecraft:dark_oak_log":36,"minecraft:spider_eye":3,"minecraft:stone_axe":6,"minecraft:crossbow":3,"minecraft:bread":41,"minecraft:oak_sapling":56,"minecraft:dark_oak_fence":110,"minecraft:coal":259},"minecraft:broken":{"minecraft:wooden_shovel":1,"minecraft:stone_sword":1,"minecraft:wooden_pickaxe":1,"minecraft:stone_pickaxe":5,"minecraft:stone_axe":1,"minecraft:wooden_axe":3,"minecraft:stone_shovel":9},"minecraft:dropped":{"minecraft:golden_boots":1,"minecraft:oak_log":36,"minecraft:crafting_table":1,"minecraft:crossbow":1,"minecraft:cobblestone":188,"minecraft:cod":3,"minecraft:stick":13,"minecraft:dirt":40,"minecraft:wooden_axe":1,"minecraft:brown_wool":1,"minecraft:cooked_cod":5,"minecraft:cut_sandstone":2,"minecraft:cooked_salmon":3,"minecraft:fire_charge":1,"minecraft:golden_hoe":1,"minecraft:string":18,"minecraft:iron_nugget":11,"minecraft:stone_shovel":3,"minecraft:rotten_flesh":14,"minecraft:stone":6,"minecraft:golden_sword":1,"minecraft:stone_pickaxe":3,"minecraft:arrow":3},"minecraft:mined":{"minecraft:oak_sapling":4,"minecraft:dark_oak_log":18,"minecraft:potted_cactus":3,"minecraft:potted_dead_bush":2,"minecraft:dark_oak_fence":59,"minecraft:grass_block":838,"minecraft:sandstone":1,"minecraft:hay_block":12,"minecraft:furnace":2,"minecraft:iron_ore":10,"minecraft:pumpkin":4,"minecraft:dark_oak_stairs":3,"minecraft:bookshelf":9,"minecraft:dirt_path":1,"minecraft:stone":711,"minecraft:white_wool":24,"minecraft:green_bed":3,"minecraft:tripwire":2,"minecraft:dandelion":2,"minecraft:cornflower":1,"minecraft:oak_fence":5,"minecraft:crafting_table":2,"minecraft:dead_bush":5,"minecraft:tall_grass":6,"minecraft:copper_ore":1,"minecraft:cobblestone":4,"minecraft:oak_planks":10,"minecraft:wall_torch":1,"minecraft:cactus":1,"minecraft:dark_oak_slab":2,"minecraft:wheat":5,"minecraft:grass":117,"minecraft:oak_log":51,"minecraft:coal_ore":127,"minecraft:gravel":4,"minecraft:sand":108,"minecraft:dirt":550,"minecraft:stonecutter":1,"minecraft:oak_leaves":333},"minecraft:crafted":{"minecraft:oak_planks":32,"minecraft:stone_shovel":11,"minecraft:fishing_rod":1,"minecraft:purple_bed":1,"minecraft:cooked_chicken":3,"minecraft:stone":28,"minecraft:cooked_mutton":5,"minecraft:stone_pickaxe":7,"minecraft:chest":2,"minecraft:oak_fence":9,"minecraft:wheat":72,"minecraft:cooked_beef":10,"minecraft:red_dye":1,"minecraft:cooked_cod":4,"minecraft:wooden_shovel":1,"minecraft:cooked_porkchop":11,"minecraft:blue_bed":1,"minecraft:cooked_salmon":6,"minecraft:stone_axe":2,"minecraft:bread":28,"minecraft:air":0,"minecraft:blue_dye":2,"minecraft:purple_dye":2,"minecraft:stick":36,"minecraft:iron_ingot":2,"minecraft:stone_sword":2,"minecraft:white_bed":3,"minecraft:torch":20},"minecraft:used":{"minecraft:oak_fence":13,"minecraft:stone_sword":128,"minecraft:dead_bush":2,"minecraft:stone_shovel":1261,"minecraft:chest":2,"minecraft:stone":1,"minecraft:shield":65,"minecraft:wooden_shovel":64,"minecraft:cooked_salmon":3,"minecraft:rotten_flesh":4,"minecraft:torch":7,"minecraft:dirt":282,"minecraft:wooden_axe":106,"minecraft:stone_bricks":22,"minecraft:golden_sword":11,"minecraft:hay_block":1,"minecraft:oak_sapling":24,"minecraft:furnace":3,"minecraft:cooked_mutton":2,"minecraft:stone_pickaxe":838,"minecraft:oak_planks":7,"minecraft:wooden_pickaxe":46,"minecraft:sandstone":4,"minecraft:blue_bed":1,"minecraft:stonecutter":1,"minecraft:green_bed":4,"minecraft:salmon":6,"minecraft:sand":85,"minecraft:lime_bed":1,"minecraft:crafting_table":3,"minecraft:crossbow":3,"minecraft:white_bed":1,"minecraft:cod":2,"minecraft:apple":3,"minecraft:bread":22,"minecraft:string":2,"minecraft:gravel":8,"minecraft:stone_axe":192,"minecraft:fishing_rod":79,"minecraft:purple_bed":1,"minecraft:cobblestone":5,"minecraft:dark_oak_fence":6},"minecraft:killed":{"minecraft:spider":3,"minecraft:skeleton":2,"minecraft:chicken":3,"minecraft:drowned":8,"minecraft:tropical_fish":2,"minecraft:husk":11,"minecraft:pig":5,"minecraft:salmon":14,"minecraft:wandering_trader":1,"minecraft:creeper":2,"minecraft:sheep":3,"minecraft:pillager":8,"minecraft:cow":4},"minecraft:custom":{"minecraft:mob_kills":68,"minecraft:interact_with_crafting_table":52,"minecraft:leave_game":3,"minecraft:time_since_death":28313,"minecraft:sprint_one_cm":528984,"minecraft:walk_one_cm":837003,"minecraft:damage_blocked_by_shield":2200,"minecraft:drop":57,"minecraft:talked_to_villager":2,"minecraft:play_time":316655,"minecraft:sneak_time":6768,"minecraft:deaths":11,"minecraft:walk_under_water_one_cm":63483,"minecraft:boat_one_cm":134652,"minecraft:jump":2963,"minecraft:walk_on_water_one_cm":46434,"minecraft:total_world_time":316655,"minecraft:interact_with_furnace":103,"minecraft:interact_with_cartography_table":1,"minecraft:interact_with_stonecutter":7,"minecraft:sleep_in_bed":14,"minecraft:time_since_rest":3203,"minecraft:damage_taken":4042,"minecraft:damage_dealt":8850,"minecraft:swim_one_cm":189436,"minecraft:fly_one_cm":489765,"minecraft:open_chest":102,"minecraft:crouch_one_cm":15699,"minecraft:fish_caught":24,"minecraft:fall_one_cm":60160}},"DataVersion":3120}