{"stats":{"minecraft:killed_by":{"minecraft:creeper":2,"minecraft:pillager":2,"minecraft:skeleton":2,"the_one_who_watches:toww_running":1,"minecraft:witch":1},"minecraft:picked_up":{"minecraft:wooden_axe":8,"minecraft:fishing_rod":5,"minecraft:iron_chestplate":7,"minecraft:crafting_table":1,"minecraft:wheat":7,"minecraft:chicken":3,"minecraft:flower_pot":5,"minecraft:wooden_pickaxe":7,"minecraft:shield":8,"minecraft:golden_sword":1,"minecraft:string":41,"minecraft:pufferfish":9,"minecraft:beef":10,"minecraft:iron_nugget":15,"minecraft:stick":45,"minecraft:sandstone":4,"minecraft:copper_ingot":1,"minecraft:torch":48,"minecraft:green_bed":3,"minecraft:fire_charge":1,"minecraft:porkchop":9,"minecraft:cactus":4,"minecraft:stone_sword":7,"minecraft:arrow":32,"minecraft:rotten_flesh":33,"minecraft:cooked_cod":3,"minecraft:tropical_fish":6,"minecraft:golden_hoe":1,"minecraft:hay_block":11,"minecraft:saddle":1,"minecraft:mutton":15,"minecraft:cod":33,"minecraft:cobblestone":52,"minecraft:white_wool":42,"minecraft:lime_bed":1,"minecraft:salmon":19,"minecraft:cut_sandstone":2,"minecraft:brown_wool":1,"minecraft:leather":6,"minecraft:oak_log":73,"minecraft:lily_pad":1,"minecraft:golden_boots":8,"minecraft:gunpowder":1,"minecraft:dirt":100,"minecraft:white_banner":2,"minecraft:name_tag":2,"minecraft:bone":25,"minecraft:apple":5,"minecraft:wheat_seeds":18,"minecraft:oak_planks":41,"minecraft:dark_oak_stairs":4,"minecraft:book":27,"minecraft:dark_oak_slab":4,"minecraft:pumpkin":4,"minecraft:gravel":8,"minecraft:sand":296,"minecraft:dead_bush":2,"minecraft:dark_oak_log":36,"minecraft:spider_eye":2,"minecraft:stone_axe":5,"minecraft:crossbow":3,"minecraft:bread":41,"minecraft:oak_sapling":44,"minecraft:dark_oak_fence":106},"minecraft:broken":{"minecraft:stone_sword":1,"minecraft:stone_axe":1,"minecraft:wooden_axe":1},"minecraft:dropped":{"minecraft:golden_boots":1,"minecraft:oak_log":36,"minecraft:crafting_table":1,"minecraft:crossbow":1,"minecraft:cod":3,"minecraft:stick":13,"minecraft:wooden_axe":1,"minecraft:cooked_cod":5,"minecraft:brown_wool":1,"minecraft:cut_sandstone":2,"minecraft:cooked_salmon":3,"minecraft:fire_charge":1,"minecraft:golden_hoe":1,"minecraft:string":18,"minecraft:iron_nugget":11,"minecraft:rotten_flesh":14,"minecraft:golden_sword":1,"minecraft:arrow":3},"minecraft:mined":{"minecraft:oak_sapling":3,"minecraft:dark_oak_log":18,"minecraft:potted_cactus":3,"minecraft:potted_dead_bush":2,"minecraft:dark_oak_fence":55,"minecraft:hay_block":12,"minecraft:pumpkin":4,"minecraft:dark_oak_stairs":3,"minecraft:bookshelf":9,"minecraft:stone":10,"minecraft:white_wool":24,"minecraft:tripwire":2,"minecraft:green_bed":2,"minecraft:dead_bush":3,"minecraft:tall_grass":1,"minecraft:cobblestone":4,"minecraft:oak_planks":7,"minecraft:wall_torch":1,"minecraft:cactus":1,"minecraft:dark_oak_slab":2,"minecraft:wheat":5,"minecraft:grass":18,"minecraft:oak_log":31,"minecraft:gravel":4,"minecraft:sand":94,"minecraft:dirt":11,"minecraft:oak_leaves":226},"minecraft:crafted":{"minecraft:oak_planks":8,"minecraft:fishing_rod":1,"minecraft:chest":1,"minecraft:wheat":72,"minecraft:cooked_beef":10,"minecraft:cooked_cod":2,"minecraft:cooked_salmon":6,"minecraft:stone_axe":2,"minecraft:bread":28,"minecraft:air":0,"minecraft:stick":4,"minecraft:stone_sword":2,"minecraft:white_bed":1,"minecraft:torch":20},"minecraft:used":{"minecraft:stone_sword":124,"minecraft:chest":1,"minecraft:shield":65,"minecraft:cooked_salmon":3,"minecraft:rotten_flesh":4,"minecraft:torch":1,"minecraft:dirt":33,"minecraft:wooden_axe":101,"minecraft:golden_sword":11,"minecraft:hay_block":1,"minecraft:oak_sapling":7,"minecraft:oak_planks":4,"minecraft:wooden_pickaxe":17,"minecraft:sandstone":4,"minecraft:green_bed":3,"minecraft:salmon":6,"minecraft:sand":78,"minecraft:lime_bed":1,"minecraft:crossbow":3,"minecraft:white_bed":1,"minecraft:cod":2,"minecraft:apple":2,"minecraft:bread":13,"minecraft:string":2,"minecraft:gravel":8,"minecraft:stone_axe":134,"minecraft:fishing_rod":79,"minecraft:cobblestone":5},"minecraft:killed":{"minecraft:spider":2,"minecraft:skeleton":2,"minecraft:chicken":3,"minecraft:drowned":8,"minecraft:tropical_fish":2,"minecraft:husk":11,"minecraft:pig":4,"minecraft:salmon":14,"minecraft:sheep":3,"minecraft:pillager":8,"minecraft:cow":4},"minecraft:custom":{"minecraft:mob_kills":63,"minecraft:interact_with_crafting_table":22,"minecraft:leave_game":1,"minecraft:time_since_death":1105,"minecraft:sprint_one_cm":295000,"minecraft:walk_one_cm":364540,"minecraft:damage_blocked_by_shield":2200,"minecraft:drop":42,"minecraft:talked_to_villager":1,"minecraft:play_time":181221,"minecraft:deaths":10,"minecraft:sneak_time":6292,"minecraft:walk_under_water_one_cm":63048,"minecraft:boat_one_cm":134652,"minecraft:jump":1550,"minecraft:walk_on_water_one_cm":43974,"minecraft:total_world_time":181221,"minecraft:interact_with_furnace":48,"minecraft:interact_with_cartography_table":1,"minecraft:sleep_in_bed":4,"minecraft:time_since_rest":1140,"minecraft:damage_taken":3533,"minecraft:damage_dealt":7900,"minecraft:swim_one_cm":169919,"minecraft:fly_one_cm":221200,"minecraft:open_chest":35,"minecraft:crouch_one_cm":14823,"minecraft:fish_caught":24,"minecraft:fall_one_cm":35647}},"DataVersion":3120}