{"stats":{"minecraft:dropped":{"minecraft:golden_boots":1,"minecraft:iron_nugget":11,"minecraft:oak_log":36,"minecraft:crafting_table":1,"minecraft:rotten_flesh":3,"minecraft:cod":3,"minecraft:stick":13,"minecraft:wooden_axe":1,"minecraft:cooked_cod":3,"minecraft:golden_sword":1,"minecraft:fire_charge":1,"minecraft:golden_hoe":1,"minecraft:string":16},"minecraft:picked_up":{"minecraft:wooden_axe":4,"minecraft:fishing_rod":4,"minecraft:iron_chestplate":4,"minecraft:crafting_table":1,"minecraft:salmon":11,"minecraft:wooden_pickaxe":4,"minecraft:oak_log":56,"minecraft:lily_pad":1,"minecraft:golden_boots":5,"minecraft:golden_sword":1,"minecraft:shield":5,"minecraft:dirt":8,"minecraft:string":33,"minecraft:white_banner":2,"minecraft:name_tag":2,"minecraft:pufferfish":2,"minecraft:bone":16,"minecraft:apple":2,"minecraft:iron_nugget":11,"minecraft:oak_planks":39,"minecraft:dark_oak_stairs":4,"minecraft:stick":35,"minecraft:dark_oak_slab":4,"minecraft:sandstone":4,"minecraft:pumpkin":4,"minecraft:torch":6,"minecraft:gravel":8,"minecraft:fire_charge":1,"minecraft:sand":251,"minecraft:dark_oak_log":36,"minecraft:stone_sword":4,"minecraft:cactus":1,"minecraft:arrow":11,"minecraft:rotten_flesh":15,"minecraft:cooked_cod":3,"minecraft:stone_axe":3,"minecraft:golden_hoe":1,"minecraft:hay_block":4,"minecraft:crossbow":1,"minecraft:saddle":1,"minecraft:bread":11,"minecraft:oak_sapling":36,"minecraft:dark_oak_fence":105,"minecraft:cod":24,"minecraft:white_wool":40,"minecraft:cobblestone":41},"minecraft:mined":{"minecraft:oak_sapling":3,"minecraft:dark_oak_log":18,"minecraft:dark_oak_fence":55,"minecraft:dead_bush":2,"minecraft:cobblestone":4,"minecraft:oak_planks":7,"minecraft:wall_torch":1,"minecraft:hay_block":2,"minecraft:cactus":1,"minecraft:dark_oak_slab":2,"minecraft:pumpkin":4,"minecraft:dark_oak_stairs":3,"minecraft:grass":6,"minecraft:oak_log":15,"minecraft:gravel":4,"minecraft:sand":91,"minecraft:dirt":4,"minecraft:stone":10,"minecraft:white_wool":24,"minecraft:oak_leaves":146,"minecraft:tripwire":2},"minecraft:crafted":{"minecraft:fishing_rod":1,"minecraft:cooked_salmon":2,"minecraft:stone_axe":2,"minecraft:bread":8,"minecraft:stick":4,"minecraft:stone_sword":1,"minecraft:white_bed":1,"minecraft:torch":20,"minecraft:wheat":18},"minecraft:used":{"minecraft:stone_sword":63,"minecraft:oak_planks":4,"minecraft:shield":50,"minecraft:sandstone":4,"minecraft:wooden_pickaxe":17,"minecraft:cooked_salmon":2,"minecraft:salmon":6,"minecraft:torch":1,"minecraft:sand":78,"minecraft:crossbow":2,"minecraft:white_bed":1,"minecraft:cod":2,"minecraft:wooden_axe":36,"minecraft:apple":2,"minecraft:bread":7,"minecraft:string":2,"minecraft:gravel":8,"minecraft:stone_axe":112,"minecraft:golden_sword":11,"minecraft:fishing_rod":57,"minecraft:cobblestone":5,"minecraft:oak_sapling":7},"minecraft:custom":{"minecraft:interact_with_furnace":19,"minecraft:mob_kills":27,"minecraft:interact_with_crafting_table":18,"minecraft:time_since_death":15507,"minecraft:time_since_rest":15539,"minecraft:sprint_one_cm":193617,"minecraft:damage_taken":2561,"minecraft:walk_one_cm":245908,"minecraft:damage_blocked_by_shield":1720,"minecraft:drop":30,"minecraft:damage_dealt":4596,"minecraft:swim_one_cm":90772,"minecraft:fly_one_cm":152797,"minecraft:open_chest":25,"minecraft:crouch_one_cm":5815,"minecraft:deaths":7,"minecraft:play_time":118876,"minecraft:sneak_time":2868,"minecraft:walk_under_water_one_cm":33515,"minecraft:jump":1113,"minecraft:walk_on_water_one_cm":27478,"minecraft:total_world_time":118876,"minecraft:fish_caught":18,"minecraft:fall_one_cm":25899},"minecraft:killed":{"minecraft:husk":7,"minecraft:salmon":6,"minecraft:spider":1,"minecraft:pillager":8,"minecraft:drowned":3},"minecraft:broken":{"minecraft:stone_axe":1,"minecraft:wooden_axe":1},"minecraft:killed_by":{"minecraft:skeleton":2,"minecraft:creeper":1,"minecraft:witch":1,"minecraft:pillager":2}},"DataVersion":3120}