{"stats":{"minecraft:custom":{"minecraft:interact_with_furnace":41,"minecraft:mob_kills":36,"minecraft:interact_with_crafting_table":25,"minecraft:leave_game":2,"minecraft:time_since_death":31227,"minecraft:climb_one_cm":272,"minecraft:time_since_rest":31256,"minecraft:sprint_one_cm":147969,"minecraft:damage_taken":2237,"minecraft:walk_one_cm":245024,"minecraft:damage_blocked_by_shield":2270,"minecraft:drop":21,"minecraft:damage_dealt":7191,"minecraft:swim_one_cm":208366,"minecraft:fly_one_cm":288275,"minecraft:open_chest":19,"minecraft:play_time":119602,"minecraft:crouch_one_cm":12088,"minecraft:sneak_time":4720,"minecraft:deaths":3,"minecraft:walk_under_water_one_cm":42085,"minecraft:jump":1980,"minecraft:walk_on_water_one_cm":26593,"minecraft:total_world_time":119602,"minecraft:fall_one_cm":46878},"minecraft:used":{"minecraft:golden_boots":1,"minecraft:stone_sword":43,"minecraft:red_sand":1,"minecraft:stone_pickaxe":146,"minecraft:oak_planks":88,"minecraft:chest":1,"minecraft:wooden_pickaxe":13,"minecraft:shield":67,"minecraft:cooked_salmon":3,"minecraft:rotten_flesh":16,"minecraft:oak_door":17,"minecraft:torch":2,"minecraft:sand":2,"minecraft:golden_hoe":16,"minecraft:crafting_table":6,"minecraft:carrot":5,"minecraft:white_bed":1,"minecraft:oak_log":8,"minecraft:wooden_axe":29,"minecraft:apple":1,"minecraft:bread":6,"minecraft:fishing_rod":3,"minecraft:stone_axe":120,"minecraft:golden_sword":21,"minecraft:cobblestone":39,"minecraft:furnace":3,"minecraft:cooked_cod":9},"minecraft:dropped":{"minecraft:crossbow":1,"minecraft:cobblestone":16,"minecraft:shield":1,"minecraft:torch":5,"minecraft:wooden_axe":1,"minecraft:cooked_cod":3,"minecraft:oak_sapling":1,"minecraft:sand":3,"minecraft:string":2},"minecraft:broken":{"minecraft:stone_pickaxe":1,"minecraft:golden_hoe":1,"minecraft:golden_sword":1,"minecraft:stone_axe":1},"minecraft:killed_by":{"minecraft:creeper":1,"minecraft:pillager":1},"minecraft:picked_up":{"minecraft:wooden_axe":1,"minecraft:fishing_rod":1,"minecraft:crafting_table":6,"minecraft:iron_chestplate":2,"minecraft:wheat":8,"minecraft:tripwire_hook":2,"minecraft:salmon":3,"minecraft:oak_log":70,"minecraft:golden_boots":1,"minecraft:shield":1,"minecraft:golden_sword":1,"minecraft:string":9,"minecraft:name_tag":2,"minecraft:pufferfish":2,"minecraft:bone":2,"minecraft:apple":1,"minecraft:red_sand":1,"minecraft:iron_ingot":6,"minecraft:stone_pickaxe":2,"minecraft:iron_nugget":11,"minecraft:oak_planks":84,"minecraft:iron_boots":2,"minecraft:stick":17,"minecraft:raw_iron":28,"minecraft:oak_door":15,"minecraft:pumpkin":4,"minecraft:torch":4,"minecraft:gravel":1,"minecraft:fire_charge":1,"minecraft:sand":35,"minecraft:carrot":5,"minecraft:dark_oak_log":5,"minecraft:goat_horn":1,"minecraft:rotten_flesh":21,"minecraft:arrow":2,"minecraft:cactus":1,"minecraft:sugar":2,"minecraft:cooked_cod":5,"minecraft:stone_axe":2,"minecraft:golden_hoe":1,"minecraft:hay_block":4,"minecraft:crossbow":2,"minecraft:saddle":1,"minecraft:oak_sapling":20,"minecraft:dark_oak_fence":20,"minecraft:coal":45,"minecraft:cod":3,"minecraft:white_wool":36,"minecraft:cobblestone":137},"minecraft:mined":{"minecraft:oak_door":9,"minecraft:crafting_table":3,"minecraft:dark_oak_fence":8,"minecraft:red_sand":1,"minecraft:dead_bush":2,"minecraft:cobblestone":5,"minecraft:oak_planks":22,"minecraft:hay_block":2,"minecraft:iron_ore":23,"minecraft:grass":2,"minecraft:vine":1,"minecraft:coal_ore":45,"minecraft:oak_log":33,"minecraft:gravel":1,"minecraft:sand":8,"minecraft:stone":86,"minecraft:white_wool":16,"minecraft:oak_leaves":30},"minecraft:killed":{"minecraft:husk":2,"minecraft:witch":1,"minecraft:spider":6,"minecraft:skeleton":1,"minecraft:pillager":13,"minecraft:zombie":5,"minecraft:drowned":2},"minecraft:crafted":{"minecraft:cooked_cod":9,"minecraft:oak_door":6,"minecraft:oak_planks":144,"minecraft:crafting_table":3,"minecraft:wooden_pickaxe":1,"minecraft:furnace":3,"minecraft:cooked_salmon":3,"minecraft:stone_axe":2,"minecraft:bread":6,"minecraft:air":0,"minecraft:iron_boots":1,"minecraft:iron_chestplate":2,"minecraft:shield":3,"minecraft:stick":20,"minecraft:iron_ingot":21,"minecraft:stone_pickaxe":2,"minecraft:wooden_axe":3,"minecraft:stone_sword":1,"minecraft:chest":1,"minecraft:white_bed":1,"minecraft:dark_oak_planks":20,"minecraft:torch":4,"minecraft:wheat":18}},"DataVersion":3120}