{"stats":{"minecraft:killed_by":{"minecraft:creeper":1,"minecraft:pillager":1},"minecraft:picked_up":{"minecraft:wooden_axe":1,"minecraft:fishing_rod":1,"minecraft:iron_chestplate":4,"minecraft:crafting_table":9,"minecraft:wheat":8,"minecraft:flower_pot":4,"minecraft:golden_sword":1,"minecraft:shield":1,"minecraft:string":15,"minecraft:raw_copper":21,"minecraft:cooked_salmon":3,"minecraft:pufferfish":3,"minecraft:red_sand":1,"minecraft:iron_nugget":11,"minecraft:lectern":1,"minecraft:sugar_cane":6,"minecraft:furnace":2,"minecraft:iron_boots":2,"minecraft:raw_iron":28,"minecraft:stick":20,"minecraft:oak_door":15,"minecraft:torch":5,"minecraft:green_bed":2,"minecraft:fire_charge":1,"minecraft:porkchop":2,"minecraft:carrot":5,"minecraft:goat_horn":1,"minecraft:cactus":8,"minecraft:arrow":7,"minecraft:rotten_flesh":25,"minecraft:cooked_cod":7,"minecraft:tropical_fish":4,"minecraft:golden_hoe":1,"minecraft:hay_block":45,"minecraft:saddle":1,"minecraft:cobblestone":141,"minecraft:cod":4,"minecraft:white_wool":36,"minecraft:lime_bed":2,"minecraft:tripwire_hook":2,"minecraft:salmon":4,"minecraft:dark_oak_boat":2,"minecraft:smoker":1,"minecraft:oak_log":92,"minecraft:golden_boots":1,"minecraft:dirt":90,"minecraft:name_tag":2,"minecraft:bone":14,"minecraft:apple":1,"minecraft:wheat_seeds":3,"minecraft:iron_ingot":6,"minecraft:stone_pickaxe":2,"minecraft:oak_planks":84,"minecraft:book":27,"minecraft:pumpkin":4,"minecraft:gravel":1,"minecraft:sand":41,"minecraft:dark_oak_log":5,"minecraft:spider_eye":1,"minecraft:sugar":2,"minecraft:stone_axe":2,"minecraft:crossbow":5,"minecraft:bread":1,"minecraft:oak_sapling":21,"minecraft:dark_oak_fence":40,"minecraft:coal":46},"minecraft:broken":{"minecraft:golden_hoe":1,"minecraft:stone_pickaxe":1,"minecraft:golden_sword":1,"minecraft:stone_axe":1},"minecraft:dropped":{"minecraft:bread":1,"minecraft:crossbow":3,"minecraft:cobblestone":16,"minecraft:stick":4,"minecraft:pufferfish":1,"minecraft:dirt":9,"minecraft:dark_oak_fence":20,"minecraft:torch":5,"minecraft:wooden_axe":1,"minecraft:cooked_cod":3,"minecraft:pumpkin":2,"minecraft:sand":3,"minecraft:sugar":2,"minecraft:string":2,"minecraft:bone":9,"minecraft:rotten_flesh":4,"minecraft:shield":1,"minecraft:iron_chestplate":2,"minecraft:oak_sapling":1,"minecraft:arrow":6},"minecraft:mined":{"minecraft:oak_door":9,"minecraft:potted_cactus":4,"minecraft:dark_oak_fence":8,"minecraft:red_sand":1,"minecraft:grass_block":90,"minecraft:hay_block":40,"minecraft:furnace":2,"minecraft:iron_ore":23,"minecraft:bookshelf":9,"minecraft:vine":1,"minecraft:stripped_oak_log":1,"minecraft:stone":87,"minecraft:white_wool":16,"minecraft:green_bed":2,"minecraft:smoker":1,"minecraft:crafting_table":6,"minecraft:dead_bush":2,"minecraft:lectern":1,"minecraft:copper_ore":7,"minecraft:cobblestone":7,"minecraft:sugar_cane":2,"minecraft:oak_planks":22,"minecraft:wall_torch":1,"minecraft:lime_bed":2,"minecraft:grass":9,"minecraft:oak_log":55,"minecraft:coal_ore":46,"minecraft:gravel":1,"minecraft:sand":15,"minecraft:dirt":1,"minecraft:oak_leaves":30},"minecraft:crafted":{"minecraft:oak_door":6,"minecraft:oak_planks":160,"minecraft:stone_shovel":1,"minecraft:dark_oak_boat":1,"minecraft:furnace":4,"minecraft:iron_boots":1,"minecraft:stone_pickaxe":2,"minecraft:chest":2,"minecraft:dark_oak_planks":20,"minecraft:wheat":387,"minecraft:smoker":1,"minecraft:cooked_cod":10,"minecraft:crafting_table":4,"minecraft:wooden_pickaxe":1,"minecraft:cooked_salmon":7,"minecraft:stone_axe":2,"minecraft:bread":129,"minecraft:air":0,"minecraft:iron_chestplate":2,"minecraft:shield":3,"minecraft:stick":24,"minecraft:iron_ingot":21,"minecraft:wooden_axe":3,"minecraft:stone_sword":2,"minecraft:white_bed":1,"minecraft:torch":4},"minecraft:used":{"minecraft:red_sand":1,"minecraft:stone_sword":103,"minecraft:tropical_fish":4,"minecraft:stone_shovel":95,"minecraft:chest":2,"minecraft:shield":76,"minecraft:cooked_salmon":4,"minecraft:rotten_flesh":24,"minecraft:oak_door":17,"minecraft:torch":7,"minecraft:dirt":17,"minecraft:carrot":5,"minecraft:wooden_axe":29,"minecraft:golden_sword":21,"minecraft:dark_oak_boat":2,"minecraft:furnace":5,"minecraft:cooked_cod":12,"minecraft:golden_boots":1,"minecraft:stone_pickaxe":164,"minecraft:oak_planks":88,"minecraft:wooden_pickaxe":13,"minecraft:green_bed":2,"minecraft:golden_hoe":16,"minecraft:sand":2,"minecraft:lime_bed":2,"minecraft:crafting_table":10,"minecraft:crossbow":1,"minecraft:white_bed":1,"minecraft:smoker":1,"minecraft:oak_log":8,"minecraft:apple":1,"minecraft:bread":12,"minecraft:stone_axe":159,"minecraft:fishing_rod":3,"minecraft:cobblestone":42},"minecraft:killed":{"minecraft:witch":1,"minecraft:spider":8,"minecraft:pufferfish":1,"minecraft:skeleton":2,"minecraft:drowned":2,"minecraft:tropical_fish":4,"minecraft:husk":4,"minecraft:pig":2,"minecraft:creeper":1,"minecraft:pillager":13,"minecraft:zombie":9},"minecraft:custom":{"minecraft:mob_kills":53,"minecraft:interact_with_crafting_table":34,"minecraft:leave_game":3,"minecraft:time_since_death":94780,"minecraft:climb_one_cm":272,"minecraft:sprint_one_cm":258505,"minecraft:walk_one_cm":382898,"minecraft:damage_blocked_by_shield":2550,"minecraft:drop":50,"minecraft:talked_to_villager":4,"minecraft:play_time":183155,"minecraft:deaths":3,"minecraft:sneak_time":15661,"minecraft:walk_under_water_one_cm":60192,"minecraft:boat_one_cm":196477,"minecraft:jump":3084,"minecraft:walk_on_water_one_cm":37795,"minecraft:total_world_time":183155,"minecraft:interact_with_furnace":54,"minecraft:sleep_in_bed":5,"minecraft:time_since_rest":6833,"minecraft:damage_taken":2634,"minecraft:damage_dealt":9896,"minecraft:swim_one_cm":255269,"minecraft:fly_one_cm":492701,"minecraft:open_chest":27,"minecraft:crouch_one_cm":40013,"minecraft:interact_with_smoker":1,"minecraft:fall_one_cm":70856}},"DataVersion":3120}