{"stats":{"minecraft:crafted":{"minecraft:oak_door":6,"minecraft:oak_planks":292,"minecraft:stone_shovel":6,"minecraft:dark_oak_boat":1,"minecraft:furnace":4,"minecraft:stone":420,"minecraft:white_carpet":3,"minecraft:stone_brick_slab":42,"minecraft:iron_boots":1,"minecraft:iron_axe":1,"minecraft:stone_pickaxe":4,"minecraft:chest":4,"minecraft:dark_oak_planks":20,"minecraft:smoker":1,"minecraft:wheat":387,"minecraft:cooked_cod":10,"minecraft:crafting_table":4,"minecraft:wooden_pickaxe":2,"minecraft:cooked_salmon":7,"minecraft:stone_axe":2,"minecraft:bread":129,"minecraft:air":0,"minecraft:iron_chestplate":2,"minecraft:shield":3,"minecraft:stick":40,"minecraft:iron_ingot":29,"minecraft:wooden_axe":3,"minecraft:stone_sword":2,"minecraft:stonecutter":1,"minecraft:white_bed":1,"minecraft:torch":4},"minecraft:killed":{"minecraft:witch":1,"minecraft:spider":8,"minecraft:pufferfish":1,"minecraft:skeleton":2,"minecraft:drowned":2,"minecraft:tropical_fish":4,"minecraft:husk":4,"minecraft:pig":2,"minecraft:creeper":1,"minecraft:pillager":16,"minecraft:zombie":9},"minecraft:custom":{"minecraft:mob_kills":56,"minecraft:interact_with_crafting_table":57,"minecraft:leave_game":5,"minecraft:time_since_death":198413,"minecraft:climb_one_cm":412,"minecraft:sprint_one_cm":439722,"minecraft:walk_one_cm":728434,"minecraft:damage_blocked_by_shield":3000,"minecraft:drop":54,"minecraft:talked_to_villager":4,"minecraft:play_time":286788,"minecraft:sneak_time":16666,"minecraft:deaths":3,"minecraft:walk_under_water_one_cm":60597,"minecraft:boat_one_cm":196477,"minecraft:jump":4930,"minecraft:walk_on_water_one_cm":38476,"minecraft:total_world_time":286788,"minecraft:interact_with_furnace":161,"minecraft:interact_with_stonecutter":24,"minecraft:sleep_in_bed":17,"minecraft:time_since_rest":12878,"minecraft:damage_taken":2905,"minecraft:damage_dealt":10533,"minecraft:swim_one_cm":269509,"minecraft:fly_one_cm":910220,"minecraft:open_chest":78,"minecraft:crouch_one_cm":43478,"minecraft:interact_with_smoker":1,"minecraft:fall_one_cm":101103},"minecraft:mined":{"minecraft:oak_door":9,"minecraft:potted_cactus":4,"minecraft:dark_oak_fence":8,"minecraft:red_sand":1,"minecraft:grass_block":800,"minecraft:jungle_log":8,"minecraft:hay_block":40,"minecraft:furnace":2,"minecraft:iron_ore":23,"minecraft:bookshelf":9,"minecraft:vine":3,"minecraft:stripped_oak_log":1,"minecraft:stone":213,"minecraft:white_wool":16,"minecraft:green_bed":2,"minecraft:smoker":1,"minecraft:crafting_table":6,"minecraft:torch":2,"minecraft:chest":3,"minecraft:dead_bush":2,"minecraft:lectern":1,"minecraft:tall_grass":6,"minecraft:copper_ore":7,"minecraft:cobblestone":7,"minecraft:sugar_cane":2,"minecraft:oak_planks":22,"minecraft:wall_torch":1,"minecraft:lime_bed":2,"minecraft:grass":84,"minecraft:oak_log":178,"minecraft:coal_ore":46,"minecraft:gravel":1,"minecraft:sand":15,"minecraft:dirt":38,"minecraft:stone_bricks":7,"minecraft:oak_leaves":33},"minecraft:broken":{"minecraft:golden_hoe":1,"minecraft:stone_pickaxe":3,"minecraft:golden_sword":1,"minecraft:stone_axe":2,"minecraft:stone_shovel":5},"minecraft:used":{"minecraft:stone_sword":103,"minecraft:red_sand":1,"minecraft:tropical_fish":4,"minecraft:stone_shovel":845,"minecraft:chest":7,"minecraft:shield":89,"minecraft:stone":115,"minecraft:cooked_salmon":4,"minecraft:rotten_flesh":24,"minecraft:oak_door":17,"minecraft:torch":11,"minecraft:dirt":232,"minecraft:white_carpet":1,"minecraft:carrot":5,"minecraft:wooden_axe":29,"minecraft:iron_axe":116,"minecraft:stone_bricks":235,"minecraft:golden_sword":21,"minecraft:dark_oak_boat":2,"minecraft:furnace":5,"minecraft:cooked_cod":12,"minecraft:golden_boots":1,"minecraft:stone_pickaxe":286,"minecraft:oak_planks":88,"minecraft:wooden_pickaxe":24,"minecraft:stonecutter":1,"minecraft:green_bed":2,"minecraft:sand":2,"minecraft:golden_hoe":16,"minecraft:lime_bed":2,"minecraft:crafting_table":10,"minecraft:crossbow":1,"minecraft:white_bed":1,"minecraft:smoker":1,"minecraft:oak_log":124,"minecraft:apple":1,"minecraft:bread":29,"minecraft:stone_axe":189,"minecraft:fishing_rod":3,"minecraft:cobblestone":42,"minecraft:dark_oak_fence":8},"minecraft:killed_by":{"minecraft:creeper":1,"minecraft:pillager":1},"minecraft:dropped":{"minecraft:bread":1,"minecraft:crossbow":3,"minecraft:cobblestone":48,"minecraft:stick":4,"minecraft:pufferfish":1,"minecraft:dirt":9,"minecraft:torch":5,"minecraft:dark_oak_fence":20,"minecraft:wooden_axe":1,"minecraft:cooked_cod":3,"minecraft:pumpkin":2,"minecraft:sand":3,"minecraft:sugar":2,"minecraft:string":2,"minecraft:bone":9,"minecraft:stone_shovel":1,"minecraft:rotten_flesh":4,"minecraft:shield":1,"minecraft:iron_chestplate":2,"minecraft:oak_sapling":1,"minecraft:stone_bricks":1,"minecraft:stone_pickaxe":1,"minecraft:arrow":6},"minecraft:picked_up":{"minecraft:wooden_axe":1,"minecraft:fishing_rod":1,"minecraft:crafting_table":9,"minecraft:iron_chestplate":4,"minecraft:wheat":8,"minecraft:azure_bluet":1,"minecraft:flower_pot":4,"minecraft:shield":1,"minecraft:golden_sword":1,"minecraft:string":15,"minecraft:raw_copper":21,"minecraft:cooked_salmon":3,"minecraft:pufferfish":3,"minecraft:red_sand":1,"minecraft:iron_nugget":11,"minecraft:poppy":3,"minecraft:lectern":1,"minecraft:sugar_cane":6,"minecraft:chest":3,"minecraft:furnace":2,"minecraft:iron_boots":2,"minecraft:stick":22,"minecraft:raw_iron":28,"minecraft:stone":6,"minecraft:oak_door":15,"minecraft:torch":8,"minecraft:green_bed":2,"minecraft:fire_charge":1,"minecraft:porkchop":2,"minecraft:carrot":5,"minecraft:goat_horn":1,"minecraft:rotten_flesh":25,"minecraft:arrow":7,"minecraft:cactus":8,"minecraft:stone_shovel":2,"minecraft:cooked_cod":7,"minecraft:tropical_fish":4,"minecraft:golden_hoe":1,"minecraft:hay_block":45,"minecraft:saddle":1,"minecraft:cobblestone":368,"minecraft:cod":4,"minecraft:white_wool":36,"minecraft:lime_bed":2,"minecraft:tripwire_hook":2,"minecraft:salmon":4,"minecraft:jungle_log":8,"minecraft:dark_oak_boat":2,"minecraft:smoker":1,"minecraft:oak_log":215,"minecraft:golden_boots":1,"minecraft:dirt":872,"minecraft:name_tag":2,"minecraft:bone":14,"minecraft:apple":2,"minecraft:stone_bricks":7,"minecraft:wheat_seeds":22,"minecraft:stone_pickaxe":4,"minecraft:iron_ingot":6,"minecraft:oak_planks":84,"minecraft:book":27,"minecraft:pumpkin":4,"minecraft:dandelion":6,"minecraft:gravel":1,"minecraft:sand":41,"minecraft:dark_oak_log":5,"minecraft:spider_eye":1,"minecraft:sugar":2,"minecraft:stone_axe":2,"minecraft:crossbow":5,"minecraft:bread":1,"minecraft:oak_sapling":25,"minecraft:dark_oak_fence":40,"minecraft:coal":46}},"DataVersion":3120}